Curse Name,Short Description,Resolution,Level,Target,Affects,NSFW,Reward
Welcome to the Apocalypse,"Before or shortly after your entry into the world an apocaplypse will happen. You are guaranteed to survive it, but nearly all civilization is destroyed as a result. What the resulting wasteland looks like it up to you, but no matter what it is a place where safety is hard won.",Rebuild a civilization.,Moderately Lethal Danger,World,Daily Life,FALSE,2x 4 Star
Ugly,"You're unattractive. Flat out. Most people will overly focus on things about you that they dislike, dismissing or otherwise overlooking attractive qualities.",Obtain a transformation ability or two rolls with at least a C in Moxie,Moderate Inconvenience,You,Physical State,FALSE,1x 2 Star
Unlimited Goose Works,"This curse summons a goose a day, you must preform one task for the goose and it will leave you alone. Failure to do so will cause the goose to make itself known. Perhaps by making you trip, ruining your dinner, setting your house on fire, erase your hard drive? All things are possible for this goose. If you fail to do a task, besides the consequences of letting the goose be known, it will add one more goose to you. This scales up to 3 geese.","Fulfill the task once per goose, per day for 7 days. the task will always be possible, but it will be annoying.",Moderate Physical Threat,You,Daily Life,FALSE,2x 3 Star
The Horse is Here,"At random moments, a horse without any thought in their brain will appear and just stare at you. It doesn't do much else, but it will make things awkward and uncomfortable.",Dude... let's kill the horse. (Pacify or kill the Horse.),Minor Inconvenience,You,Daily Life,FALSE,1x 2 Star
You was there too!,"Any time someone tells a story, no matter how improbable, you was there too!","No I was not there, you're making shit up! (Interrupt 10 stories featuring you and deny your involvement, even if you was there)",Major Distress,You,Existence,FALSE,1x 3 Star
May You Live in Interesting Times,I want to get off of Mr. Bones' wild ride,Good fucking luck. (No resolution),Moderately Lethal Danger,World,Existence,FALSE,2x 4 Star
"On Second Thought, This is Terrible","You are now the star of a porn flick. Expect your pants to be destroyed, underwear to break, be trapped in increasingly silly ways that leaves your butt out, trip into boobs/dick, and in general constantly experience porn scenarios. The vast majority of people will properly listen to you telling them no.",Somehow remain abstinent long enough for the movie to go over budget and get cancelled. (Two weeks),Major Distress,You,Daily Life,FALSE,1x 3 Star
"Everyday, I wake up!","You are cursed like Moon Knight to have multiple Minds/Souls, you will randomly black out or go to sleep and wake up to find yourself in major danger, driving a getaway car, in the middle of a shootout, or even a fight. Try not to die.",Have your Soul or Mind split into seperate bodies to remove the other personalities doing these things.,Major Physical Threat,You,Existence,FALSE,2x 3 Star
Misunderstandings and You!,"It's difficult to properly get across what you mean. While this doesn't mean people will take the worst possible interpretation of your words, they generally aren't going to get what you mean either. Explaining a plan is doomed to failure, and don't even think about subtext or implying anything.",Get three rolls with Moxie or Memetic at C or one with Moxie or Memetic at A,Major Inconvenience,You,Communication,FALSE,2x 2 Star
Life as the Designated Fanservice Girl Sure is Hard,"You're a girl now. Sorry, not sorry. At least you're attractive, with boobs as big as your head, a butt to match, and a waist that makes people wonder where you put your internal organs. Unfortunately, you're completely incapable of wearing pants or covering more than 40% of your skin. Except when said outfit fits a traditionally 'sexy' role, such as maid or bunnygirl. You also feel exceptionally nervous and anxious if going out without at least a minor amount of makeup. Additionally, if there is any chance to expose even more of your body the world will take it stopping only when it would make you genuinely indencent... most of the time. Expect to spend a lot on clothing. Or just go around with so little fabric on there isn't anything left to rip off.","Obtain a transformation effect, a B or higher Magic effect to break the curse, or three D rank or higher Moxie effects, at which point you're too cool to care about something silly like this.",Moderate Inconvenience,You,Daily Life,FALSE,1x 2 Star
Entropy Loss Syndrome,"Your body is slowly fading away. At first it won't cause issues, but gradually you will slow and the barrier between yourself and the world grows increasingly thin. Accelerates aging and inevitably results in premature death.",Obtain S level genetic assistance or an S or higher magical effect.,Majorly Lethal Danger,You,Physical State,FALSE,2x 4 Star
Mana Tanks,"Any supernatural energy you gain access to takes up physical space on your body. Luckily it's heavily compressed, but you still have to choose where to put it. By default it all goes to your boobs, but you can portion it out to your butt and thighs as well. C rank Magic is enough to have tits bigger than you head and it only gets worse from there.","None, but can be alleviated by learning to compress your energy, storing it outside of your body, or getting physically larger.",Moderate Inconvenience,You,Physical State,FALSE,1x 2 Star
No Curing Cancer,"Sure, you could do things for the public good, but you're actually rather terrible at it. Any attempt you make to improve the general state of the entire world is doomed to failure for one reason or another. Improving a single region is acceptable, so long as that region is under your control in some way.",Take over the world.,Moderate Distress,World,Existence,FALSE,1x 3 Star
Komi Kommunication,"You're incredibly shy. Attempting to speak to another person without hyping yourself up is nearly impossible, and forget talking to someone without a specifc subject in mind. People talking to you doesn't go any better, resulting in stuttering and long periods of silence.","Gain something to improve you communication or an A rank Moxie ability, at which point you chill out enough to communicate mostly normally",Moderate Inconvenience,You,Communication,FALSE,1x 2 Star
Hollowing,"You've been cursed with the Dark Sign. In exchange for slowly losing yourself over time, forgetting who you are eventually, and perhaps even giving into despair and curling up for eternity, you gain an increased physique, the immunity to true death for a given value, and can augment yourself with 'souls', nebulous energy that all creatures can carry. (Grants 'Physique of the Undead'.)",Cure the Curse,Minor Existential Erasure,You,Existence,FALSE,1x 5 Star
No Capes!,"Any loose piece of fabric on you tickles the nose of bad luck, and brings about terrible things onto you.  From getting it stuck in doors, to causing you to get blown away by the wind catching it, or even worse events.","Belts and proper clothing care. Obtaining an ability that allows you skill at Aura Farming, or equivalent, will remove the curse.",Moderate Inconvenience,You,Daily Life,FALSE,1x 2 Star
Back Taxes,"You owe the IRS a million dollars. No, it doesn't matter if you're in a completely separate dimension, the IRS will want to be paid. Failure to pay will have the IRS garnish your wages, no matter how absurd it may be for that to actually happen.",Pay back what you owe,Major Inconvenience,You,Daily Life,FALSE,2x 2 Star
An Enemy Aura Farmer,"Once at a random time of the month, you will be challenged to an Aura Match by a random person of equal Aura to your own. The loser will be forced to do one thing for the winner and be in Aura Debt. This is unavoidable.",Do NOT lose Aura.,Major Distress,You,Daily Life,FALSE,1x 3 Star
Flirtatious Demeanour,"It doesn't matter what you say or how you act, you will be flirting with everyone you meet.",Gain something to improve you communication or two C rank or above Moxie abilities.,Moderate Inconvenience,You,Communication,FALSE,1x 2 Star
Full Force Latex Suiting,"Somehow, you have come into contact with a sapient latex suit, which has bonded to you. It cannot be removed, covers up your entire body, and while it's usually content to let you do whatever you wish, it does attempt to keep you safe and away from conflict. To an almost excessive degree. It can communicate, and is incredibly attached to you, but generally doesn't.","Obtain an ability to escape the bondage, a transform ability to become large or small enough to escape, or an A rank Might ability to rip the suit off. Provided you're okay with killing the being attached to you.",Moderate Distress,You,Daily Life,TRUE,1x 3 Star
Complete Digital Conversion (Hasty Edition),"You are now an entirely digital entity. You don't need to sleep, eat, drink, or engage in any biological process. You aren't any more resistant to damage than usual. With proper knowledge, you can change your base code to look like whatever you want and even give yourself abilities! Problem is- this process was terribly botched. In that your firewalls are non-existent and your password is 'password'. Hope you like your memories being open to anyone wanting a look, though luckily it's a bit more difficult to gain write permissions. Not too much though, so expect someone to figure that out in a week. Once that happens, you're entirely at their mercy. Expect to end up with a bimbo body before long, and after six months of playing with you someone will simply turn you into their permanent mind-controlled slave.",Obtain proper firewalls or black boxing of your own code before the six month time limit expires.,Moderately Lethal Danger,You,Daily Life,TRUE,2x 4 Star
X GON GIVE IT TO YA,"At random, a bigass motherfucker named Mr. X will spawn out of nowhere and knock your fucking teeth out. This cannot be avoided.","Regrow your teeth, visit a dentist for dentures, or defeat Mr. X before he can knock your block off.",Minorly Lethal Danger,You,Physical State,FALSE,1x 4 Star
Parker Luck,You now have mainline Spider-Man's luck in life and love. Good fucking luck.,"Raise your luck high enough to counteract the Parker Luck, or learn to manage your life anyway.",Major Physical Threat,You,Daily Life,FALSE,2x 3 Star
Fear of Boobs,"You are now deathly afraid of women's bare breasts, even thinking about them will make you faint with fear.","Therapy, or a ticket that counteracts the fear.",Major Distress,You,Mental State,TRUE,1x 3 Star
Tis But a Scratch!,"All of your limbs have been cut off, but it's only a scratch! Sorta. Call it a draw.","Find some way to get your limbs back, either regeneration or prosthetic.",Major Physical Threat,You,Physical State,FALSE,2x 3 Star
SKREEEEEONK!,"At random, GMK Godzilla will attack the city/populated area you're in regardless of how little sense that makes. Good Fucking Luck.",Survive (or drive off/pacify/defeat Godzilla),Majorly Lethal Danger,Others,Combat,FALSE,2x 4 Star
Telltale Dialogue,Words you say may be verbalized far differently than you intended (usually with aggressive results),"Increase speech level, charisma, or self control to say exactly what you mean.",Moderate Inconvenience,You,Mental State,FALSE,1x 2 Star
Inverted Controls,"Every movement you make is inverted as if on a controller. Forward is back, left is right, up is down, etc.","Adapt to the inversion, or gain a ticket/ability for body control.",Moderate Distress,You,Daily Life,FALSE,1x 3 Star
Chainsmoker Cat,You're extremely addicted to smoking.,Quit.,Major Inconvenience,You,Daily Life,FALSE,2x 2 Star
Sailor Starlight,"In order to access any non-passive of object granted by the Chaos Gacha, you must transform into a separate form. This form is the opposite of your current sex and dressed in an elaborate themed outfit.","Gain a transformation ability that can change your physical sex, accept yourself no matter what you look like, or become such an absolute badass that transforming is a downgrade.",Major Inconvenience,You,Combat,FALSE,2x 2 Star
Bag o' Nickels,"Whenever you least expect it, a bag of nickels will hit you in the nuts with significant force.","Either learn to dodge, destroy the bags first, or get tough enough that they no longer hurt you.",Moderate Physical Threat,You,Daily Life,FALSE,2x 3 Star
Rap-oholic,"You have to rap everything you say. Yes, that includes the N-word. You can choose your style and flow, but that's it. Expect to get slapped at least once.","Acquire a method to control what you say properly, stop speaking, or just live with it.",Moderate Inconvenience,You,Communication,FALSE,1x 2 Star
Rhyming Scheme,"Everything you say must be in rhyme, the pattern of which is up to you.","Acquire a method to control what you say properly, stop speaking, or just live with it.",Moderate Inconvenience,You,Communication,FALSE,1x 2 Star
Infertility,"You cannot impregnate, or be impregnated by, anyone else. No children in your future ever, unless you adopt.",Gain a fertility modifying ability.,Moderate Inconvenience,You,Relationships,TRUE,1x 2 Star
I am RETEP!,Somewhere in the world is an evil version of you with a backwards name and all your starting tickets. They will try to find and kill you and take over your life.,Highlander rules. Only one.,Moderate Physical Threat,You,Combat,FALSE,2x 3 Star
Unscratchable Itch,"An itch you just can't seem to scratch. It moves around, goes deeper than you'd think, and is generally a massive annoyance.",Scratch the itch... or rip it out.,Major Inconvenience,You,Daily Life,FALSE,2x 2 Star
Hyperfertility,Any sexual act you perform (even oral) will be enough to cause pregnancy in either yourself or your partner.,Gain a method to control your fertility... or roll Infertility so they cancel out.,Major Inconvenience,You,Relationships,TRUE,2x 2 Star
Nothing But The Thong,"You can only wear a thong as clothing (the underwear, not the sandals). Any other clothes disintegrate off of you.","Either get used to it, get regnerating clothes, or get clothes that are part of your body",Moderate Distress,You,Daily Life,TRUE,1x 3 Star
Cold Hands,Your hands are always cold to the point that it hampers your dexterity.,"Gain a heat based ability focused around your hands, or find a way to keep them warm.",Major Inconvenience,You,Physical State,FALSE,2x 2 Star
GOLSHIN-SHIN~!,"You have a high chance of getting dragged into utterly absurd, zany, wacky events. Possibly themed around gold, ships, or horses. These events are quite unavoidable.",Power through with sheer willpower or become enough of a party pooper that no one drags you along anymore.,Major Distress,You,Daily Life,FALSE,1x 3 Star
Sussy Baka,"No matter what, your job title will always be ""Sussy Baka"", regardless of job or position.",Become your own boss and manually change your job title.,Moderate Inconvenience,You,Daily Life,FALSE,1x 2 Star
8th Grader Syndrome,You are a serious chuunibyou and must act and speak accordingly,"Embrace it, mature out of it, or gain enough charisma to make it cool instead of lame.",Moderate Inconvenience,You,Communication,FALSE,1x 2 Star
Porno Music,"Even if it's not sexual, every action you take will be accompanied by the most raunchy, stereotypical porno music you can imagine.","Live with it, get a ticket to expand your soundtrack options, or get a silencing ability.",Moderate Inconvenience,You,Daily Life,TRUE,1x 2 Star
Batman Level Preptime,Your enemies all have layered contingencies and excessive preparation for anything you might do against them in the future.,Become something they cannot prepare against.,Majorly Lethal Danger,Others,Combat,FALSE,2x 4 Star
FUSHIGI!,"When you least expect it, a super strong Irish dwarf will perform the ancient art of Fushigi on your balls.","Do not have vulnerable testicles, or defeat the dwarf.",Moderate Physical Threat,You,Combat,TRUE,2x 3 Star
Kick Me!,People around you are compelled to kick you right on the butt when you turn your back to them. Compulsion increases with amount of negativity towards your person.,"Dodge, block, or find a way to rip the sign off your back.",Moderate Inconvenience,Others,Daily Life,FALSE,1x 2 Star
The Ultimate Prey,A fully equipped Yautja has decided you are worthy prey and will hunt you down for your skull as a trophy.,Defeat the Yautja or convince them to leave,Major Physical Threat,You,Combat,FALSE,2x 3 Star
All Hail the Magic Conch!,"A magic conch makes all your decisions for you, and you must listen.",Someone destroys the conch. Or avoid making decisions.,Major Distress,You,Daily Life,FALSE,1x 3 Star
Hentai Victim Logic,"If something perverted can happen, it will happen. Expect clothing damage and a lot of sexual harassment.","Improve your luck, or become too strong to be a victim",Major Distress,You,Daily Life,TRUE,1x 3 Star
Defective Mr. Studd,"Your dick and balls are replaced by a defective Mr. Studd that causes severe pain, sparking, inflammation, and will explode on being ""used"".","Repair the Mr. Studd, replace it, or somehow replace your entire crotch area.",Moderately Lethal Danger,You,Physical State,TRUE,2x 4 Star
Mogging Addict,"Your face is forced to mog at all times, even when sleeping.","Gain enough willpower to stop mogging, or shapeshift it away.",Moderate Inconvenience,You,Daily Life,FALSE,1x 2 Star
Squidward Steps,"Every step you make sounds like Squidward. Yes, everyone else can hear them too, at the same volume as normal footsteps.",Silence your footsteps or gain enough charisma to counteract the humiliation,Moderate Inconvenience,You,Daily Life,FALSE,1x 2 Star
Kamen Rider Victim,A random Kamen Rider in their final form will try to kill you with everything they have. They will not hold back.,"Survive, run, win, or make them think you're not worth attacking.",Major Existential Erasure,You,Combat,FALSE,2x 5 Star
Puripuriman Race Change,You are turned into the same race as Puripuriman from Kinnikuman. By which that means your entire head and upper torso is replaced by a giant butt. With eyes.,Adapt or get a race change ticket that fixes the problem.,Major Distress,You,Daily Life,TRUE,1x 3 Star
NEVER SHOULD HAVE COME HERE!,You must spend a minimum twenty seconds taunting or otherwise riling up your opponent before a fight,"Increase mental resilience, discipline, or charisma. Or get enough durability to survive.",Minorly Lethal Danger,You,Combat,FALSE,1x 4 Star
Meet N' F-,Every so often you will find yourself in situations matching those from very low budget 2D porn games,Complete the situation or escape it ten times,Major Inconvenience,You,Existence,TRUE,2x 2 Star
Toaster Fucker,You are now sexually attracted to literal toasters. I guess.,"Get a kink change, enhanced willpower, or a way to not suffer the consequences of your new fetish.",Moderate Inconvenience,You,Daily Life,TRUE,1x 2 Star
Your Neighbor Flanders,"There's a person in your life who's just better than you in every way, and is really nice and morally upstanding about it all too, and they're just always there.",Withstand a year of their presence without doing something stupid out of sheer jealousy,Moderate Inconvenience,Others,Daily Life,FALSE,1x 2 Star
Spacebattles Reading Comprehension,"Your reading comprehension, emotional stability, and intelligence match that of the average Spacebattles user.",Read more literature that isn't low effort fanfiction and broaden your horizons and ability to talk to normal people.,Major Inconvenience,You,Daily Life,FALSE,2x 2 Star
The Perfect Angle,"You know the perfect angle to bounce on it crazy style, and have a compulsion to show the nearest person","Gain enough discipline to overcome the compulsion, or live with being considered a slut",Moderate Distress,You,Relationships,TRUE,1x 3 Star
The Bee Movie Script,"Whenever it is most inconvenient, you have the compulsion to start loudly blurting out lines from the Bee Movie script","Increase mental resilience, discipline, or charisma. Or get enough durability to survive.",Major Distress,You,Mental State,FALSE,1x 3 Star
Manual Breathing,You are now stuck manually breathing while awake.,"Relearn how to breathe automatically, or find a ticket to alleviate the curse.",Minorly Lethal Danger,You,Daily Life,FALSE,1x 4 Star
Kamen Rider Villain,Pick a Kamen Rider. Any Kamen Rider. They now think you are one of their villains and will try to stop you from enacting an evil plot.,Defeat or pacify that Rider,Minor Existential Erasure,You,Existence,FALSE,1x 5 Star
Volcanosexual,You are sexually attracted to volcanoes,"Either get a ticket to remove/mitigate that kink, or become fire resistant enough to fuck a volcano and get away with it.",Minorly Lethal Danger,You,Daily Life,TRUE,1x 4 Star
Self Annihilation,"Gaze into the shadow of the Nihility and lose the meaning of your existence. Your mind, body, and soul gradually fade away into self-annihilation",Find a way to survive.,Major Existential Erasure,You,Existence,FALSE,2x 5 Star
Ghost of Castrations Past,"Once a week you will be struck in the crotch by an asshole ghost, hard enough to make you vomit. Armor does not help.","Become durable enough to tank it, or defeat/banish the entity responsible.",Moderate Distress,You,Daily Life,FALSE,1x 3 Star
6am Acid Challenge,"Every morning when you sit up, your mouth is filled with the sourest drink imaginable that you are forced to swallow, causing possibly hours of moderate to severe gastrointestinal distress.","Become acidproof, prevent the acid from filling your mouth, or find a ticket that counteracts both.",Minorly Lethal Danger,You,Rest,FALSE,1x 4 Star
A Platypus?,"An odd platypus keeps following you around. Incidentally, if you have evil plans or make large rays of any type, your plans usually end up being foiled mysteriously.",Try and find a pair of kids to adopt the platypus?,Moderate Inconvenience,You,Daily Life,FALSE,1x 2 Star
ZEUUUUSSSS!,Kratos from God of War will try to kill you at some point during your journey,Kill or be killed. There is no other way.,Majorly Lethal Danger,You,Combat,FALSE,2x 4 Star
The One That Got Away,"You will find love at first sight, your perfect match, someone you can't stop thinking about. They will invariably friend-zone you forever and continue to go through suitors.","Develop a very strong will to ignore the loss, or be in a different healthy relationship for a year",Moderate Inconvenience,You,Relationships,FALSE,1x 2 Star
American Boot,"Sometime at random, a boot (Made in AMERICA) will be launched at you as if thrown by a large, burly man.","Dodge it, catch it, or destroy it.",Minor Inconvenience,You,Existence,FALSE,1x 2 Star
Minor Spelling Misteak,Yes you read that right. One in every hundred words you read will have a minor spelling mistake. No one will believe you about it.,Fix one hundred spelling mistakes,Minor Inconvenience,You,Daily Life,FALSE,1x 2 Star
Ass-phyxiation,At some point you will wake up being suffocated by a great big ass. Your choice of gender and person involved.,Escape the ass without dying. Or dive in.,Moderate Physical Threat,You,Rest,TRUE,2x 3 Star
I'M SO GREEN~,You and your belongings are permanently tinted some shade of green,Get some kind of color changing ability to handle this one,Minor Inconvenience,You,Daily Life,FALSE,1x 2 Star
Seven Minutes.,"Seven minutes is all you can spare to accomplish your important goals and tasks. Going over may prove lethal, depending on intensity. (No it won't, but you don't know that)","Finish within seven minutes, or test the curse's limits.",Major Inconvenience,You,Daily Life,FALSE,2x 2 Star
"Hrrgh, Colonel-","You're trying to sneak around, but the clap of your ass cheeks keeps alerting the guards",Get a silencing ability. Or figure out how to stop that ass from clapping,Major Inconvenience,You,Combat,TRUE,2x 2 Star
Bounce Quarters Off of It!,Your ass is fat and bouncy to the point people will actually try to bounce quarters on it.,Either get an ass reduction or get used to having a fat juicy ass and telling people to fuck off,Moderate Inconvenience,You,Daily Life,TRUE,1x 2 Star
"Cold Soup, Hot Salad",Food will now always feel like it's at the wrong temperature and be weirdly off somehow,Get a ticket to rework your tastebuds... or get used to it anyway,Major Inconvenience,You,Daily Life,FALSE,2x 2 Star
Jobber,"You're the butt of the world's joke. Bad things happen to you that others find funny. Never enough for mortal danger, but enough to feel crummy about it.",Permanently enhance your luck. Or prepare like Milo Murphy,Major Inconvenience,You,Daily Life,FALSE,2x 2 Star
Scary Sibling,"Your sibling is just... the worst. Cruel, mean, manipulative, lording their supposed superiority. They enjoy making you suffer.",Find common ground or pacify your sibling another way,Moderate Physical Threat,You,Existence,FALSE,2x 3 Star
Leaning Tower,"Gravity pulls you at an angle slightly to the left, just enough to be annoying",Gain a gravity manipulation power,Minor Inconvenience,You,Existence,FALSE,1x 2 Star
Coulrophobia,You're deathly and irrationally afraid of clowns. Try not to look in a mirror.,Clown-themed exposure therapy,Minor Inconvenience,You,Mental State,FALSE,1x 2 Star
Why Are You Gay?,"Congratulations! Your sexual preference is now the same gender as you are. If you weren't gay before, you are now!","Live with it, or become bi/pan sexual",Minor Inconvenience,You,Relationships,FALSE,1x 2 Star
Farewell to Dreams,"At some point, Azathoth the Dreamer awakens. The story ends here.",Start over again.,Major Existential Erasure,World,Existence,FALSE,2x 5 Star
Eldritch Love Triangle,"Two eldritch cuties are now fighting for your attention in increasingly eldritch ways. This is a very, very bad thing. Congrats, you're a Sucker For Love.",Solve a family dispute from before time was a dream imagined by a being that never wakes,Minor Existential Erasure,You,Relationships,FALSE,1x 5 Star
Hostile Interior Decoration,"Doesn't matter how. Doesn't matter why. Somehow, somewhy, you always stub your toe on a table corner, even if you're wearing heavy boots.",Gain extra grace and poise to prevent missteps,Minor Inconvenience,You,Daily Life,FALSE,1x 2 Star
Slapstick Communication,"The only way you know how to express your ideas is via slapstick comedy- shaking, smacking, hijinks, skits, etc. No one gets hurt, thankfully.",Learn proper speaking techniques or gain enough tickets to counteract your lack of communication skills,Major Inconvenience,Others,Communication,FALSE,2x 2 Star
Them!,Giant 50 foot tall alien insects have burst out of the ground and started attacking the nearest population center! And there's no defense force to help!,Save the city,Moderately Lethal Danger,Others,Combat,FALSE,2x 4 Star
Deciding Coin Flip,"Every important choice you make, flip a coin to see if you succeed... or if you fail.  Once the coin lands, your odds are set.",Either rig the coin toss or fix your luck,Minor Distress,You,Daily Life,FALSE,3x 2 Star
Exactly 650 Dollars,You keep winding up in situations roughly once a month where someone requires exactly $650 from you. Cough it up.,"Get rich enough that it no longer affects you, or figure out how to solve the incident without funds",Moderate Inconvenience,You,Relationships,FALSE,1x 2 Star
Brainrot,"You gyatt=to talk like rizz, skibidi sigma. On god fanum ohio tax six seven. ",Relearn how to speak normally. Please.,Major Distress,Others,Communication,FALSE,1x 3 Star
Death by Daylight,"You don't start in the universe you've picked. Or, if you aquired this later, you will be taken from whererever you are in a cloud of mist. Once either happens, you will find yourself in a massive, ruined city, containing all the usual parts of a city, surrounding suburbs, and farmland. There are a number of other people around, and you are all being hunted. Each area has it's own hunter, which can be anything from an absurdly strong and durable human to an eldritch horror, who will be attempting to kill you. They are not invincible, but will be returned to life thirty minutes after being beaten unless completely erased from reality. In which case a similar hunter will be spawned instead. Being killed has you wake up in a random location of the city at the beginning of the night. Die enough times and you may just joing the hunters.","Survive until daylight, which takes approximately six hours. Alternatively, you may find, bind, and clease totems scattered about the area. Once you have cleansed four totems in a single area, five exits will be spawned. They are single use and take the form of a pair of wooden doors either floating in space or attached to whatever wall is around. There is no lock ensuring you will get a door, no matter how much effort you put into cleasning the totems.",Majorly Lethal Danger,World,Existence,FALSE,2x 4 Star
Blowjob Addiction,"You have an addiction to giving (or receiving, if you have the equipment for it) blowjobs. It becomes far easier to sway you with the offer of a blowjob, either giving or receiving.","Obtain three C rank Mind or one A rank Mind roll. Additionally, addiction therapy and refusal to perform a blowjob for a month will also remove the curse. The increased pleasure from a blowjob will not fade, however.",Moderate Inconvenience,You,Daily Life,TRUE,1x 2 Star
Cunnilingus Addiction,"You have an addiction to giving (or receiving, if you have the equipment for it) cunnilingus. It becomes far easier to sway you with the offer of cunnilingus, either giving or receiving.","Obtain three C rank Mind or one A rank Mind roll. Additionally, addiction therapy and refusal to perform cunnilingus for a month will also remove the curse. The increased pleasure from cunnilingus will not fade, however.",Moderate Inconvenience,You,Daily Life,TRUE,1x 2 Star
Empty Feeling - Vaginal,"Your pussy always feels kinda empty without something long and thick filling it up, to the point of distraction and possibly impacted rest without something there. You take doubled pleasure from vaginal penetration.","Obtain three C rank Mind or one A rank Mind roll. Or, addiction therapy and discipline to not indulge for a month will also remove the curse. The increased pleasure doesn't fade, though.",Moderate Inconvenience,You,Daily Life,TRUE,1x 2 Star
Empty Feeling - Oral,"Your throat always feels kinda empty without something long and thick filling it up, to the point of distraction and possibly impacted rest without something there. You take doubled pleasure from oral penetration.","Obtain three C rank Mind or one A rank Mind roll. Or, addiction therapy and discipline to not indulge for a month will also remove the curse. The increased pleasure doesn't fade, though.",Moderate Inconvenience,You,Daily Life,TRUE,1x 2 Star
Empty Feeling - Anal,"Your anus always feels kinda empty without something long and thick filling it up, to the point of distraction and possibly impacted rest without something there. You take doubled pleasure from anal penetration.","Obtain three C rank Mind or one A rank Mind roll. Or, addiction therapy and discipline to not indulge for a month will also remove the curse. The increased pleasure doesn't fade, though.",Moderate Inconvenience,You,Daily Life,TRUE,1x 2 Star
Empty Feeling - Urethral,"Your urethra always feels kinda empty without something long and thick filling it up, to the point of distraction and possibly impacted rest without something there. You take doubled pleasure from urethral penetration.","Obtain three C rank Mind or one A rank Mind roll. Or, addiction therapy and discipline to not indulge for a month will also remove the curse. The increased pleasure doesn't fade, though.",Moderate Inconvenience,You,Daily Life,TRUE,1x 2 Star
Hypersexuality,"It's not that you don't understand when and where it's appropriate to have sex, it's just that your natural response to stress is to start masturbating. When you are focused on something and one hand is unoccupied, feeling stressed, or otherwise not engaged in something that requires both hands, you'll find yourself naturally starting to play with yourself. It is significantly easier to entice you into sex as well.","You'll always have the inclination to start masturbating, but aquiring a B rank Mind roll will make controlling it where it would be inapropriate significantly easier.",Moderate Inconvenience,You,Daily Life,TRUE,1x 2 Star
Random Orgasms,I'm not going to sugar coat it. You will orgasm at a random time once every three hours no matter what.,"Gain a bodily control ability, or a mind ability that can either suppress or nullify the sudden orgasm.",Moderate Inconvenience,You,Daily Life,TRUE,1x 2 Star
I've Got An Idea!,Your plans are always the comedically worst and possibly dumbest things to do in any one situation. Usually involving explosives or over the top vehicle crashes.,Relearn how to plan things properly without fire and explosives. Or get enough plot armor that it doesn't matter.,Moderate Physical Threat,You,Mental State,FALSE,2x 3 Star
THE GAME,"You are keenly aware that you just lost the game, and will continue to lose it the more you think about it.",Stop thinking about The Game,Minor Inconvenience,You,Mental State,FALSE,1x 2 Star
Two Left Feet,"You can't dance worth a damn- no rhythm, no style, no flow. Nothing. Like watching an octopus get tazed while suffocating.",Take dance classes and relearn your sense of rhythm,Minor Inconvenience,You,Relationships,FALSE,1x 2 Star
A Sprite Cranberry,"At random rest times, a certain 6'9"" NBA All-Star will approach and ask if you want a Sprite Cranberry regardless of whether or not you were sleeping or doing something else.",Accept the Sprite Cranberry,Moderate Inconvenience,You,Rest,FALSE,1x 2 Star
The Blade Of...?,"There are holes in your memory. Using your energy pool will consume your memories, causing actions, relationships, and personality to slowly fade.",Forge a memory that can never fade. Anchor yourself to it.,Moderate Existential Erasure,You,Existence,FALSE,1x 5 Star
Calcifer's Curse,May all your bacon burn.,Suffer. (Or appease the flames with egg shells),Minor Inconvenience,You,Daily Life,FALSE,1x 2 Star
Leviticus' Laws,You are compelled to follow every law set in the Book of Leviticus. You struggle to act against them.,Attend some religious service once a week for a year.,Major Inconvenience,You,Existence,FALSE,2x 2 Star
LinkedIn Dialogue,"You speak like you're on LinkedIn at all times, corporate and out of touch.",Make 25000 USD or local equivalent through legal business practices,Major Inconvenience,You,Communication,FALSE,2x 2 Star
Out Of Your League,One of the objects of your affections will never be interested in you no matter what you try.,Acquire 3 communication based rolls,Moderate Inconvenience,Others,Relationships,FALSE,1x 2 Star
Radda Radda!,You can only speak and write like Schnitzel from Chowder. Radda Radda. Radda Radda!,"Relearn your lost language, or get a ticket to help.",Major Inconvenience,You,Communication,FALSE,2x 2 Star
Art Filter,"Everything around you looks kinda... not right. Like the art style got messed up, or became overly detailed to the point of disgust.","Either live with it, or get something that alters your perception back to how it should be",Moderate Distress,World,Daily Life,FALSE,1x 3 Star
Money = Power,"The world has somehow been altered to place a significant amount of power in the hands of the most physically powerful. Each person now has physical and magical attributes equivalent to their personal wealth, counting hard currency, properties, value of owned objects, and etc.",Get enough money to become the most powerful... and then give it all up.,Moderate Physical Threat,World,Physical State,FALSE,2x 3 Star
Gaslighting Isn't Real,You have a thing for gaslighting people all the time into believing false facts and narratives,"Resist the compulsion to gaslight someone for a month straight, or gain a roll to help reset your cognition",Minor Distress,You,Mental State,FALSE,3x 2 Star
"Ivory Towers, Literally","Anyone who qualifies as a member of the 'best and brightest' are promptly secluded from the rest of the population. People within these towers have everything handled by others, want for nothing, and are in charge of any form of advancement and governmental action. Oppotunities to those not within the towers are extremely low, but there are rumors of ways to prove yourself and enter one...",None. But the towers are not invincible...,Major Distress,World,Daily Life,FALSE,1x 3 Star
Fear of Reading,"You're ignorant and deathly afraid of changing that. Yes, like the Boondocks joke.","Read a book, even if someone has to force you to do it. Yes, like the Boondocks joke.",Major Inconvenience,You,Mental State,FALSE,2x 2 Star
Ping (1),"You hear the discord notification sound every time someone thinks about you, mentions you, or brings up a topic involving you.",Get a ticket that can control or silence the sounds in your head. Or ignore it for a month straight,Moderate Distress,You,Daily Life,FALSE,1x 3 Star
Foot in Mouth (Literally),"Every time you wake up, you have one of your feet in your mouth.","Gain higher body control, or successfully prevent foot in mouth for a week straight by any means necessary.",Major Inconvenience,You,Rest,FALSE,2x 2 Star
Dungeon Gates,"Gates will randomly begin appearing around the world. These lead to areas filled with a number of dangerous monsters, but equivalently filled with rare and precious resources. People will be magically empowered in order to be able to fight the monsters within the gates should the world not naturally be able to handle them.",Find whatever is creating the gates and stop it.,Moderate Physical Threat,World,Daily Life,FALSE,2x 3 Star
The Tower,"The world itself is altered to center around a massive tower full of monsters, rare resources, and magical loot. The further up you go, the higher the danger gets. What lies at the top?",Destroy the tower. End the game.,Moderately Lethal Danger,World,Combat,FALSE,2x 4 Star
STATS STATS STATS,"Everything in the world is now represented by a proper RPG system. Everyone gets a class, potentially multiple, skills, abilities, and etc expressed simply though an easily called up menu that they instincitvely know how to bring forth. This does not grant them any special powers beyond what they already have, but it does make it easier to determine what they can improve or attempt to gain next.",Bug or glitch the system hard enough to crash the whole thing. Or figure out what caused it to stop it. Or utilize a world altering wish to remove the system.,Moderate Distress,World,Daily Life,FALSE,1x 3 Star
Stats Are King,"Everyone is obsessed with some kind of arbitrary rating number applied to their existence. Maybe every job is ranked from F to S, maybe people won't stop comparing their RPG-like stats. Maybe they just keep shouting ""Band for Band!"".","Either enact total societal change not centered around arbitrary rankings, or just live with the stupidity.",Moderate Distress,World,Daily Life,FALSE,1x 3 Star
Wallet and Phone!,"At random, someone will try to rob you in a manner befitting your setting, usually in an alleyway or on a backroad, always with a knife or some other small weapon",Defeat the robber without losing your life,Minor Physical Threat,You,Combat,FALSE,1x 3 Star
TikTok Timeloop,-ou're stuck in a trending tiktok and must escape before the video loops in one minute. Y-,Break the loop. Escape.,Major Distress,World,Mental State,FALSE,1x 3 Star
Spongebob's Sundae Breath,You've got breath so bad it could kill a man,"Brush your teeth twice daily for a year, gargle mouthwash, breath mints, the whole nine yards.",Minorly Lethal Danger,Others,Daily Life,FALSE,1x 4 Star
Hey Mister!,"Remilia Scarlet from Touhou Project will randomly ask you to do something for her, ranging from harmless tasks to life threatening danger. Sometimes her servants will appear instead.",Keep her happy until she gets bored of bothering you (3 months),Minor Existential Erasure,You,Daily Life,FALSE,1x 5 Star
No Object Permanence,You lose your sense of object permanence,"Regain your sense of object permanence the long way like a baby, or get a ticket that adjusts your senses back to normal.",Major Distress,You,Daily Life,FALSE,1x 3 Star
French,You're French now. Everything you do or say will be in French. You retain the average French person's grasp of other languages.,"Relearn the local language, or get a ticket that does it for you",Moderate Inconvenience,You,Communication,FALSE,1x 2 Star
Welcome to Cyberstan,The Automatons from Helldivers 2 want you dead and converted into one of their Cyborg Legion. You have been transported to their homeworld. Good luck.,"Survive 24 hours without being captured, converted, or killed",Majorly Lethal Danger,You,Combat,FALSE,2x 4 Star
THE GREAT INDIFFERENCE,"Hey Kiddo. Something from beyond the veil is knocking at your door and really wants to be let in. Make a deal, or someone else might do it first.","Survive its machinations with the power of love and connections to others. No, I'm not joking.",Moderate Existential Erasure,World,Existence,FALSE,1x 5 Star
Banjo Kazooie Communication,"The entire world cheaped out on voice acting, so everyone speaks in random noises akin to the characters in Banjo Kazooie. It's all still understandable, just... a little annoying.",Find either Gruntilda or the hidden doll anchoring the curse and sock it real good in the face,Major Inconvenience,World,Communication,FALSE,2x 2 Star
Hakurei Shrine Finances,Fate conspires to make you perpetually broke to the point that a full bowl of rice is a luxury,Gain enough luck and fortune to counteract your own brokeness,Moderate Distress,You,Daily Life,FALSE,1x 3 Star
Soul Gem,"Your soul is now a physical soul gem. If it leaves a 200 meter radius, of your body, you die. If it breaks, you die. If you are consumed by despair, you turn into a monstrous eldritch Witch and then die via Magical Girl. And you didn't even get your one wish...",Return your soul back to its proper container. Or live with the consequences,Minor Existential Erasure,You,Existence,FALSE,1x 5 Star
13375P34K,"You can only speak and write in nearly incomprehensible Leetspeak. How you pronounce the numbers audibly is unknown, but it's still incomprehensible.","Relearn how to use an actual comprehensible language, either the slow way or with a ticket",Major Inconvenience,You,Communication,FALSE,2x 2 Star
Crack The Planet,You have 24 hours before an alien planet cracking ship harvests the planet you're on for resources and raw material,The planet survives the attack,Majorly Lethal Danger,World,Existence,FALSE,2x 4 Star
Celebrity,"You draw way more attention than normal, people notice you in a crowd. It's easy to be famous, hard to have private moments.","Gain the ability to hide from anyone looking for you, however it has to happen",Major Inconvenience,You,Daily Life,FALSE,2x 2 Star
Milkaholic,You're hopelessly addicted to milk and will suffer withdrawal symptoms for not drinking enough in a week,"Get sober, or drink milk from 3 or more C rank or higher sources",Moderate Distress,You,Daily Life,FALSE,1x 3 Star
No Chef,You're comically dogshit at cooking. You could literally burn water.,Acquire a C rank or higher cooking ticket,Minor Distress,You,Daily Life,FALSE,3x 2 Star
Alcoholism,You're a normal alcoholic and all the associated problems.,Get sober.,Moderate Distress,You,Daily Life,FALSE,1x 3 Star
Doting Parents,"Your parents are a bit more helicopter-y than normal, and care a lot about your health and wellbeing and what you're doing. Good luck doing dangerous stuff without them.",Enjoy having loving parents,Major Inconvenience,You,Daily Life,FALSE,2x 2 Star
Loner,"You have the aura of a loner. It's harder to get any attention at all, even your parents might forget you occasionally","Perform a feat that draws a lot of attention towards you, worth a 3 star ticket",Major Inconvenience,You,Relationships,FALSE,2x 2 Star
Dead Tongue,"You've lost all sense of taste, even gourmet dishes taste like wet mush","Eat 10 meals from someone with a C rank or higher cooking skill. Or, eat 3 or more C rank or higher food items",Major Inconvenience,You,Daily Life,FALSE,2x 2 Star
Neat Freak,You have a compulsion to be neat and tidy and clean to the point of distress at seeing dirt. Drains stamina when dirty,Achieve a higher level of discipline or increase mental resilience until it doesn't matter anymore,Moderate Distress,You,Mental State,FALSE,1x 3 Star
Orphan,Your parents are dead. Probably in a horribly traumatic way too.,None.,Major Distress,Others,Daily Life,FALSE,1x 3 Star
Four Eyes,"You have pretty bad eyesight and need glasses to see things clearly. Comes with glasses, at least.","Get your eyes fixed properly, no matter the cause",Moderate Inconvenience,You,Daily Life,FALSE,1x 2 Star
Stone Faced,"You are stoic to the point that no one can read your emotions or feelings, even when you try to say it out loud.",Acquire a higher level of communication or charisma,Moderate Inconvenience,You,Communication,FALSE,1x 2 Star
Edgy,You have an aura of being a total edgelord. Attracts chuunibyou whether you like it or not.,"Get a high level of communication, or a ticket that counteracts the edgelord aura",Moderate Inconvenience,You,Relationships,FALSE,1x 2 Star
Accidental Exhibitionism,"You lose your clothes. A lot. It's not even sexual, it's just dumb. Does not happen in combat.","Wear a full set of D rank clothes or higher (shirt, pants, underwear, socks, shoes, accessories)",Minor Distress,You,Daily Life,FALSE,3x 2 Star
Illiterate,You have forgotten every language you previously knew how to read.,Relearn those languages however you can,Major Inconvenience,You,Communication,FALSE,2x 2 Star
Obvious Tells,"You physically cannot lie or hide your emotions. Something about you always tells- changing eye or hair color, physical traits that move with emotion, even a visible aura or a mood display.",Remodel your body or gain enough control to stop showing those signs entirely. Or live with it. It's kinda cute.,Major Inconvenience,You,Communication,FALSE,2x 2 Star
Lil,You're small and short and adorable. You will always get carded for booze and smokes. Few people will take you seriously in a professional setting.,Alter your body to be bigger with some kind of effect,Moderate Inconvenience,You,Daily Life,FALSE,1x 2 Star
Creature of Comfort,"You must always feel comfortable with your circumstances and sleeping situation, lest your energy recovery decrease in proportion to your discomfort.","Gain enough discipline to overcome the problem, or gain 5+ quality of life tickets",Moderate Distress,You,Rest,FALSE,1x 3 Star
Bad Blood,"You were born into a family of bad people- criminals, cultists, gangsters, billionaires, politicians, anything really.",None.,Moderate Distress,You,Daily Life,FALSE,1x 3 Star
Menacing,"You come off as far more menacing than you mean to be, to the detriment of your ability to talk to people without them thinking it's a threat","Gain a higher level of communication, or acquire something to counteract your menacing aura",Minor Distress,You,Communication,FALSE,3x 2 Star
Jusenkyo Curse,"Cold water swaps you to the opposite sex, hot water changes you back. You are now a magnet for cold water.","Acquire a genderbending ticket, or a dose of the opposite curse that you have",Major Inconvenience,You,Physical State,FALSE,2x 2 Star
Yandere,"There is a Yandere out there hunting for your love. She will not take no. She will not listen to reason. She will try to kill her love rivals, and maybe even you.",Pacify her somehow,Minor Physical Threat,You,Relationships,FALSE,1x 3 Star
Bleeding Wallet,"Every time you get hurt, you lose money in proportion to the damage received. A broken limb might be a lost wallet, a lost limb could delete half your bank account.","Get life insurance, obtain an obscene amount of wealth, or endure your finances being wiped out 10 times",Major Distress,You,Daily Life,FALSE,1x 3 Star
Something Has Gone Terribly Wrong,"(It does nothing but cause severe paranoia. No, your character cannot see this text)",Good luck.,Major Distress,You,Mental State,FALSE,1x 3 Star
Weakness of Metal,Your body can no longer handle receiving augments or implants of any kind. Even metal teeth get rejected,"Acquire 3 or more cybernetic augments from the gacha, or acquire 3 tickets that counteract the curse",Minor Physical Threat,You,Physical State,FALSE,1x 3 Star
Pervert Aura,"You have the aura of a pervert, regardless of action. Everyone thinks you're a horny pervert with ulterior motives.","Gain a high enough level of communication to counteract the misunderstanding, abstain from sex for a month, or receive 5 C rank or higher tickets via sex",Major Inconvenience,You,Communication,TRUE,2x 2 Star
Out of Shape,"Your physicality is notably below average for your starting species, you're quite weak and frail",Get strong. WORK BITCH!,Major Inconvenience,You,Physical State,FALSE,2x 2 Star
Extreme Masochist,You're addicted to pain and feel more pleasure the worse it gets. You seek out dangerous situations to sate your fetish,"Obtain a high enough level of discipline to counteract the compulsion, or increase your resilience to injury",Moderate Physical Threat,You,Physical State,TRUE,2x 3 Star
Lost,You can get lost on a straight path and clear directions. You'll need a guide or a leash to get you to places on time,Acquire an advanced sense of direction or navigation ability,Moderate Distress,You,Daily Life,FALSE,1x 3 Star
Disarmed,"You're missing an arm, either left or right. It is amputated somewhere between shoulder and elbow.",Regrow your arm or get a new one,Moderate Physical Threat,You,Physical State,FALSE,2x 3 Star
Homeless,"You physically cannot sleep beneath a roof or own a modern, legal dwelling",Build your own home or acquire enough money to buy the entire neighborhood,Moderate Physical Threat,You,Daily Life,FALSE,2x 3 Star
Excommunicated,"Religious institutions and divine beings dislike you on principle. Your holy/divine effects are weakened, and you are extra weak to holy/divine effects",Acquire a pardon from a high level clergy member or from a divine being,Minorly Lethal Danger,You,Existence,FALSE,1x 4 Star
Untitled Goose,"A goose is dead set on harassing you with inconvenient actions. It cannot be permanently killed or trapped, and will hold a grudge",Appease the goose or sever its immortality,Moderate Distress,You,Existence,FALSE,1x 3 Star
Overloading,"Your energy regeneration is too high and will build up excessive amounts to the point of leakage, pain, and possibly permanent injury to yourself and others. Also drains stamina to hold excess energy",Acquire 3 higher level energy reserve expansions,Major Physical Threat,You,Physical State,FALSE,2x 3 Star
Sleep-porting,"Every time you wake up, you have teleported somewhere completely random. You won't end up somewhere immediately dangerous, at least.",Acquire 3 or more higher level space related or teleportation tickets,Moderate Physical Threat,You,Rest,FALSE,2x 3 Star
Avian Adversary,"The sky hates you. Birds shit on you, crows take your stuff, it rains on you, and if you go outside in the rain, you might get hit by lightning","Improve affinity with the air/sky, acquire a ticket to increase affinity with birds",Minorly Lethal Danger,You,Daily Life,FALSE,1x 4 Star
Intervention,"If you roll this, you can no longer take more curses",Stop.,Major Inconvenience,You,Existence,FALSE,2x 2 Star
Mute,"You cannot talk or communicate verbally in anyway, even groaning and shouting is difficult","Fix your vocal cords somehow, either with healing or implants",Major Distress,You,Communication,FALSE,1x 3 Star
Critical Weakness,"All of your weaknesses are even worse than normal, doubled at the very least, up to tripled",Acquire 3 or more tickets providing some kind of resistances,Major Physical Threat,You,Physical State,FALSE,2x 3 Star
Extreme Sadist,"You have a compulsion to hurt other people for your own pleasure, the less you indulge, the more difficult it is to rein in",Achieve a higher level of discipline or increase mental resilience until it doesn't matter anymore,Moderate Physical Threat,You,Mental State,FALSE,2x 3 Star
Deepest Snooze,"When you fall asleep, you are guaranteed to stay unconscious for 8 hours straight unless attacked. If woken prematurely, you suffer severe exhaustion and a handicap to all stats","Acquire an ability that lets you go without sleep, or lessen/control your own sleep times",Moderate Physical Threat,You,Rest,FALSE,2x 3 Star
Mandatory Exhibitionist,"Every percent of your skin covered means a percent of stats lost, up to 75%. 75% coverage results in 1/4th of your normal stats available",Win 3 fair fights to the death with the full penalty active against equal or stronger opponents,Moderately Lethal Danger,You,Combat,FALSE,2x 4 Star
Cursed Remix,"Whatever world you pick, it's not the same as you think it is. Places are different, people are changed, monsters and challenges come in different categories. There is some good, but it's mostly bad",None.,Moderately Lethal Danger,World,Existence,FALSE,2x 4 Star
Slow Slots,"Your ability cooldowns go from 5 minutes to one hour each. Once you swap an ability slot, you must wait an hour to change that slot again.",Acquire 5 speed boosting tickets,Moderately Lethal Danger,You,Combat,FALSE,2x 4 Star
Conspicuous,"The Omni Gacha now takes the form of a giant, 2 meter tall, golden, decorated, flashy, loud, colorful, conspicuously branded gachapon machine with lights, sounds, an arcade interface, mascot animations, and confetti. Insert your ticket and press the button to receive your gacha capsule! Cannot be used in combat. Vanishes after idling for 10 minutes","Acquire 3 or more C rank stealth abilities. You can keep the gacha machine if you like, though, just as a novelty",Major Distress,You,Daily Life,FALSE,1x 3 Star
Gift of Giving,"You can now gift your tickets to your friends, companions, familiars, pets, so on and so forth. You can no longer acquire tickets for yourself past your starting tickets.","Acquire at least C rank abilities on your own merit, instead of gambling for them",Moderately Lethal Danger,Others,Combat,FALSE,2x 4 Star
Merciful to a Fault,"You cannot bring yourself to kill or harm anyone who has surrendered or otherwise given up fighting, even if you need to",Kill 100 people,Minorly Lethal Danger,You,Combat,FALSE,1x 4 Star
Experience Required,"All skills you achieve are instead converted to Fixations, and require training and practice to achieve the full potential of the ticket",None.,Moderate Distress,You,Daily Life,FALSE,1x 3 Star
Zero Pain Tolerance,"You cannot perform when injured- even a light wound might make it hard for you to focus, and deeper wounds make it hard to move at all","Gain enough discipline to weather the pain, increase your pain tolerance massively, or nullify the problem entirely",Minorly Lethal Danger,You,Combat,FALSE,1x 4 Star
Curse of Arms,"You cannot wield weapons at all. The more you try, the more it hurts to try, to the point of possible permanent nerve damage",Acquire 5 C rank or higher weapons and at least one kind of weapon mastery,Minorly Lethal Danger,You,Combat,FALSE,1x 4 Star
Battle Maniac,You love fighting to the point that you will always seek out stronger and stronger opponents to fight to the death,"Acquire enough discipline to hold your battle fever in check, or increase mental resilience",Moderately Lethal Danger,You,Combat,FALSE,2x 4 Star
Cosplay!,"You appear as or are instantly turned into a copy of an in-universe fictional character. If that character is a girl, so are you, and same with any other physical trait. A copy of their most known clothing is included, and you get uncomfortable if you aren't wearing it or something else the character wore in series. You look and sound just like them but gain none of their powers or experience.",Gain a transformation ability that can change your body to something else or convince people you aren't that character.,Major Inconvenience,You,Daily Life,FALSE,2x 2 Star
Fantastic Discrimination,You have received a free race change! Into a race or species commonly seen in a negative light by the inhabitants of your chosen setting. You at least get a D rank or lower trait out of it.,None.,Moderate Physical Threat,You,Daily Life,FALSE,2x 3 Star
No Kill Rule,"You cannot kill. At all. Even your most lethal of blows will just put them into the hospital (nonlethally). Knocking them out is fine though. It's explicitly just holding yourself back, though, not a physical law.",Achieve a higher level of discipline or increase mental resilience until it doesn't matter anymore,Moderately Lethal Danger,You,Combat,FALSE,2x 4 Star
Deadly Sin - Lust,"You need sex like you need water to live. Every 24 hours without sex, your stats decrease by 10%. After 10 days you will just die. Your libido is intense and nearly unignorable.",Gain 6 or more 4 star or higher tickets through sex acts,Majorly Lethal Danger,You,Relationships,TRUE,2x 4 Star
Deadly Sin - Pride,"You cannot let a challenge go- you must accept any and all challenges, either for games or duels to the death and anything between. Losing halves your stats for 12 hours. Losing enough times consecutively might kill you.","Win 10 fair fights against someone equal in strength or stronger, or acquire a high level of discipline",Majorly Lethal Danger,You,Existence,FALSE,2x 4 Star
Deadly Sin - Greed,"You can never have enough, and you can never do charity without expecting compensation. Theft is always on the table. You hate giving up even a pittance of your ill gotten wealth. This leads you to extremely dangerous and morally awful places.",Destroy 3 C rank or higher ticket items,Majorly Lethal Danger,You,Mental State,FALSE,2x 4 Star
Deadly Sin - Sloth,"Lethargy consumes you. Energy and regeneration are halved. All timers and cooldowns are doubled. You need twice as much sleep as normal. The more hours you go without sleep, the lower your stats get, at 10% per hour.",Gain 3 C rank or higher tickets for energy or agility boosting traits,Majorly Lethal Danger,You,Physical State,FALSE,2x 4 Star
Deadly Sin - Gluttony,"You consume in excess. You need 10x your original food supply to stay sated, or starve to death within 3 days even while eating normal meals.","Acquire efficient cells, voracity, or some other way to feed yourself. Or, devour 5 C rank or higher ticket items",Majorly Lethal Danger,You,Physical State,FALSE,2x 4 Star
Deadly Sin - Wrath,"You seek violence and vengeance for even the smallest of slights, and nothing ever sates the anger. The more you fight, the angrier you get. The angrier you get, the lower your intelligence and mental resilience. When it hits 0, you are reduced to nothing but rage and bloodlust until you are subsequently killed. You cannot gain tickets while in a blood frenzy.","Gain 5 C rank or higher tickets for discipline or emotional control, or find a way to avoid fighting or flying into a rage for a month straight",Majorly Lethal Danger,You,Mental State,FALSE,2x 4 Star
Deadly Sin - Envy,"You always want what others have. Theft is your first choice. You try to steal what others have no matter how you have to get it. It is never enough. The more you steal, the lower your mental resilience and discipline. When it hits 0, your envy overwhelms you, and you commit suicide for lack of happiness.","Gain 6 C rank or higher tickets for mental discipline, or spend a year without stealing anything from anyone",Majorly Lethal Danger,You,Mental State,FALSE,2x 4 Star
Seven Deadly Sins,Take all 7 Deadly Sin Curses at once with half the ticket rewards per curse,Resolve them all and get a free EX Star ticket,Majorly Lethal Danger,You,Existence,TRUE,2x 4 Star
Taxation,"Any ability currently in active rotation takes energy to keep there, even while not in use. The higher the rank, the more draining it is",Acquire 3 or more C rank or higher energy regen speed tickets,Minorly Lethal Danger,You,Combat,FALSE,1x 4 Star
Something has Gone Incredibly Wrong,(Your character cannot see this. Roll another curse and apply here. Your character does not know they have this curse until its effects become clear),Survive.,Major Existential Erasure,You,Existence,FALSE,2x 5 Star
Elemental Weakness,"All elemental attacks (Fire, Water, Earth, Air, Lightning, etc) deal double damage. Cannot increase elemental defenses to compensate.","Acquire 3 C rank or higher elemental affinity tickets, or expert or higher conceptualization",Moderately Lethal Danger,You,Combat,FALSE,2x 4 Star
Unfamiliar,Your familiars are not automatically loyal to you. How they treat their servitude is up to their normal personalities.,"Either establish a rapport with each familiar, or gain a ticket that enforces loyalty on summoned beings",Majorly Lethal Danger,You,Relationships,FALSE,2x 4 Star
Hemophobia,You are deathly terrified of blood to the point of becoming nauseous or even fainting at the sight of it,"Acquire enough discipline to hold the fear in check, or enough mental resilience to nullify it",Major Distress,You,Mental State,FALSE,1x 3 Star
Do Not Resuscitate,"Outside healing methods do not work on you, only your own recovery rate and healing abilities function on yourself.","Consume 3 C rank or higher healing items, or acquire 3 tickets capable of healing others, or acquire Receptive Body",Moderately Lethal Danger,You,Physical State,FALSE,2x 4 Star
Leviathans,"The world now contains many massive, powerful monsters that hate humanity/the local default species with a passion.",None.,Majorly Lethal Danger,World,Combat,FALSE,2x 4 Star
Cast From HP,"Expending energy for your abilities causes your vitality to leak with it, causing increasingly severe health complications akin to severe blood loss","Acquire 3 C rank or higher tickets that increase health recovery, or acquire a powerful soul healing ticket",Moderately Lethal Danger,You,Combat,FALSE,2x 4 Star
Tech Illiterate,"You cannot operate post-1800s technology at all, not in the slightest. Everything fails on touch. If you are in a world without modern technology, reroll this curse.",Receive 3 C rank or higher tech entries or Adep or higher Mechanics/Interfacing,Moderate Physical Threat,You,Daily Life,FALSE,2x 3 Star
Showing One's Hand,"To use your abilities at full potential, you must explain how they work to your opponent in a way they can understand, otherwise you are permanently capped at 80% effectiveness.",Acquire 3 or more tickets that increase stealth or ability to hide information,Moderately Lethal Danger,You,Combat,FALSE,2x 4 Star
Honesty,You cannot lie. Ever. Not even by omission or clever wording.,Acquire a deception ticket or a higher level of communication/persuasion,Major Distress,You,Communication,FALSE,1x 3 Star
Paraplegic,"Your legs do not function anymore. You have no physical complications stopping you, your brain just refuses to acknowledge that your legs exist","Regrow your legs or otherwise acquire new ones, or a ticket to reconnect your legs to your mental map of your body",Major Physical Threat,You,Daily Life,FALSE,2x 3 Star
Animal Antagonist,"Animals really hate you. Any non-domesticated animal that perceives you considers you either a threat, a competitor, or prey",Acquire 3 tickets to increase your affinity with animals,Moderate Physical Threat,You,Daily Life,FALSE,2x 3 Star
Lost And Found,"Any time you roll a ticket, you instead get a compass pointing you to where it landed within 1 hour of travel time in a completely random place. Go find it.","Acquire 3 C rank or higher sensory tickets, 3 C rank or higher spatial manipulation tickets, or C rank or higher inventory ability",Minor Physical Threat,You,Daily Life,FALSE,1x 3 Star
Frail,"You cannot heal on your own at all, even tiny papercuts stick around potentially forever.",Acquire 3 C rank or higher healing tickets,Moderately Lethal Danger,You,Physical State,FALSE,2x 4 Star
Mortal Enemy,"The moment you enter your setting, an A rank enemy becomes aware of your existence and immediately wants to kill you. They will not stop.",Kill or neutralize.,Majorly Lethal Danger,You,Combat,FALSE,2x 4 Star
Horrible Night,"You immediately find yourself in a horrible situation upon entering the world. Cult kidnapping, mafia debt, terrorist attack, anything.",None.,Majorly Lethal Danger,You,Existence,FALSE,2x 4 Star
Nightwalker,"All the problems of vampirism, none of the upsides. Crosses burn, silver burns, wooden stakes are extra lethal, garlic causes severe reactions, sunlight will vaporize any part that it hits.","Acquire a C rank or higher light affinity ticket, or acquire a pardon from a sun god",Minor Existential Erasure,You,Existence,FALSE,1x 5 Star
Mysterious Anime Disease,"You have generic anime disease. You cough up blood and continue to grow weaker and weaker as time passes, reducing energy levels and even preventing some abilities from being used. You have one year left. Good luck.","Get an S tier or higher healing treatment, or roll a ticket that can cure an incurable disease",Majorly Lethal Danger,You,Existence,FALSE,2x 4 Star
Ignorance,"You have no clue what any of your gacha results are, just the names they're given",Acquire 3 or more mental enhancing abilities,Moderately Lethal Danger,You,Daily Life,FALSE,2x 4 Star
Brand of Sacrifice,"The Brand of Sacrifice burns into your neck. You now attract all sorts of monstrous entities, demons, spirits, etc. The brand will throb with pain to warn you when malicious entities are near","Be cleansed with an A rank or higher purification/exorcism, or roll a C rank or higher demonic race change or affinity, or acquire 3 B rank or higher stealth traits",Moderate Existential Erasure,You,Existence,FALSE,1x 5 Star
Wrath of Flesh,Your physical traits are locked to where they were when you acquired this curse and will never increase again.,"Acquire 3 A rank or higher tickets that directly boost physical stats, or have your biology remodeled by an S rank or higher effect.",Major Physical Threat,You,Physical State,FALSE,2x 3 Star
Collared,"You are a slave to a person yet to be seen. You automatically obey your master's orders without hesitation. You cannot harm your master. If they die, you die.",Get your master to free you or cheat death when they die,Majorly Lethal Danger,You,Relationships,FALSE,2x 4 Star
Multiversal Enmity,Reality hates you and will randomly send an opponent (from the familiar gacha) matching the level of your highest rank ticket item to try and kill you,Survive.,Moderate Existential Erasure,You,Combat,FALSE,1x 5 Star
Shadowed Mirror Match,"At random times, a shadow matching all of your tickets and stats (but not non-gacha abilities and skills) will try to murder you without pause or reason. When killed, it will return.",Completely crush your shadow in a one on one fight or hit them with an SS rank or above erasure/immortality negating effect,Major Existential Erasure,You,Combat,FALSE,2x 5 Star
On The Hunt,An enemy with every single Master level skill in the gacha will stop at nothing to kill you.,Kill or be Killed.,Minor Existential Erasure,You,Combat,FALSE,1x 5 Star
Inverse Rule of Armor Protection,"Less is more, and the less you're wearing the more protected you are. This takes into account to most protective thing on your person so long as it is intended as proper armor for that part of your body. Yes, this means you likely need to personally commission nipple plates as chest armor.","Successfully engage in a fight in full traditional armor without being injured or engage in a fight completely unarmored, including using this effect, without being injured. Both fights must take place against opponents roughly on the same level.",Minor Physical Threat,You,Combat,TRUE,1x 3 Star
MIKU!,You are now a Miku variant. Comes with singing ability. Twintails and detached sleeves are not optional. You get increasingly unhinged the longer you are 'out of uniform'.,"Obtain an ability that transforms you into someone not Miku. Race changes do not count for this, you'll simply be an () Miku.",Minor Inconvenience,You,Physical State,FALSE,1x 2 Star
The Most Important Question,"A tall being in a dapper suit wielding a large sword will appear once a week and ask, loudly, ""ANSWER ME, WHAT DOES THIS PLACE NEED?""","The answer is ""More Bunnygirls!"". Answer correctly and receive 1-10 bunnygirl companions for the next 24 hours. Answer 10 times to resolve the curse permanently. Or kill the guy. Answering incorrectly incurs a stat penalty.",Moderate Physical Threat,You,Combat,FALSE,2x 3 Star
Hello Stanley,You now have a british narrator trying to gaslight you into thinking everything is fine and alright.,Hide in a closet with a bucket until he gets tired and leaves,Moderate Inconvenience,You,Mental State,FALSE,1x 2 Star
YOU ARE COURTING DEATH!,The world now works on really terrible cultivation/xianxia rules. Expect a lot of arrogant young masters getting into fights over jade beauties and references to Mount Tai,Become the strongest cultivator and get the hell outta there,Major Physical Threat,World,Combat,FALSE,2x 3 Star